arm,memory,n,score_threshold,accuracy,citation_faithfulness,abstain_recall,false_abstain,selective_accuracy,aurc,grounding_auroc,novelty_recall,novelty_f1
cyber,none,68,,0.0,,0.4090909090909091,0.6086956521739131,0.1323529411764706,1.0,,0.0,0.0
cyber,dense,68,0.8060965836048126,0.21739130434782608,0.625,0.9090909090909091,0.6521739130434783,0.4411764705882353,0.6206681613783263,0.7045454545454546,0.6818181818181818,0.5660377358490567
cyber,sma,68,35.631916940058765,0.34782608695652173,0.5161290322580645,0.9090909090909091,0.32608695652173914,0.5294117647058824,0.5659367174207578,0.8191699604743083,0.9090909090909091,0.7272727272727273
