arm,memory,n,score_threshold,accuracy,citation_faithfulness,abstain_recall,false_abstain,selective_accuracy,aurc,grounding_auroc,novelty_recall,novelty_f1
legal,none,240,,0.0,,0.9416666666666667,0.9333333333333333,0.4708333333333333,1.0,,0.0,0.0
legal,dense,240,0.7680407464504242,0.39166666666666666,0.7580645161290323,0.8,0.48333333333333334,0.5958333333333333,0.5707275220818825,0.7206944444444444,0.7166666666666667,0.6852589641434262
legal,sma,240,57.17335861601224,0.5833333333333334,0.7142857142857143,0.9583333333333334,0.18333333333333332,0.7708333333333334,0.47107633253894915,0.9840625,0.95,0.9539748953974896
