arm,memory,n,score_threshold,accuracy,citation_faithfulness,abstain_recall,false_abstain,selective_accuracy,aurc,grounding_auroc,novelty_recall,novelty_f1
genomics,none,240,,0.0,,0.9583333333333334,0.925,0.4791666666666667,1.0,,0.0,0.0
genomics,dense,240,0.8481639921665192,0.125,0.4166666666666667,0.8583333333333333,0.7,0.49166666666666664,0.8148133408430813,0.6895138888888889,0.6916666666666667,0.6639999999999999
genomics,sma,240,65.6636460714617,0.5166666666666667,0.7848101265822784,0.9583333333333334,0.3416666666666667,0.7375,0.4515700411441715,0.8695138888888889,0.9416666666666667,0.8308823529411765
