arm,memory,n,score_threshold,accuracy,citation_faithfulness,abstain_recall,false_abstain,selective_accuracy,aurc,grounding_auroc,novelty_recall,novelty_f1
medicine,none,240,,0.0,,0.5583333333333333,0.6166666666666667,0.2791666666666667,1.0,,0.0,0.0
medicine,dense,240,0.8504619300365448,0.008333333333333333,1.0,1.0,0.9916666666666667,0.5041666666666667,0.9747502646882501,0.548125,0.8583333333333333,0.6477987421383649
medicine,sma,240,59.58170983286898,0.3,0.5625,0.8916666666666667,0.4666666666666667,0.5958333333333333,0.6628623237061905,0.7934722222222222,0.875,0.7894736842105263
