arm,memory,n,score_threshold,accuracy,citation_faithfulness,abstain_recall,false_abstain,selective_accuracy,aurc,grounding_auroc,novelty_recall,novelty_f1
finance,none,203,,0.0,,0.963855421686747,0.975,0.39408866995073893,1.0,,0.0,0.0
finance,dense,203,0.8700045645236969,0.03333333333333333,0.12903225806451613,0.8433734939759037,0.7416666666666667,0.3645320197044335,0.9458667912144042,0.619277108433735,0.7469879518072289,0.5740740740740741
finance,sma,203,54.516656858262465,0.1,0.23529411764705882,0.6987951807228916,0.575,0.3448275862068966,0.8755679662279707,0.5774096385542169,0.3373493975903614,0.39436619718309857
